url_address,address,chain,contract,isUserAddress,arkhamEntity_name,arkhamEntity_type,arkhamEntity_website,arkhamLabel_name,arkhamLabel_chainType,inUSD,outUSD,inValue,outValue,fecha_extraccion,token_name
https://intel.arkm.com/explorer/address/1Kr6QSydW9bFQG1mXiPNNu6WpJGmUa9i1g,1Kr6QSydW9bFQG1mXiPNNu6WpJGmUa9i1g,bitcoin,,False,Bitfinex,cex,https://bitfinex.com,Hot Wallet,bitcoin,2569873071.5258026,2831111449.949071,22873.94845202,25254.418054299997,2025-10-29 07:59:26,bitcoin
https://intel.arkm.com/explorer/address/1AZ7aYCT6JPLF1EZ7PgymfFtH4xK44CcCP,1AZ7aYCT6JPLF1EZ7PgymfFtH4xK44CcCP,bitcoin,,False,,,,Binance Deposit,bitcoin,1210970593.9361136,1227806818.4553177,11072.998137679999,11202.60345796,2025-10-29 07:59:26,bitcoin
https://intel.arkm.com/explorer/address/bc1qjcm02r55a90v88xwe4alew4y4uyft2htvnywv2,bc1qjcm02r55a90v88xwe4alew4y4uyft2htvnywv2,bitcoin,,False,Robinhood,cex,https://robinhood.com/,,,1311930255.2416291,1426263802.296875,11423.436452,12426.55638061,2025-10-29 07:59:26,bitcoin
https://intel.arkm.com/explorer/address/38ACfxHJwKnKFW2Evmnk58Aj9CBF7t3T88,38ACfxHJwKnKFW2Evmnk58Aj9CBF7t3T88,bitcoin,,False,Coinbase,cex,https://coinbase.com,,,1036823539.5333376,853850673.8412752,8860.10346274,7352.77182799,2025-10-29 07:59:26,bitcoin
https://intel.arkm.com/explorer/address/33Q4t6fX5j1Mxbf5bnXp8qumTfc89vCnWK,33Q4t6fX5j1Mxbf5bnXp8qumTfc89vCnWK,bitcoin,,False,,,,,,969146304.0,969146304.0,8673.07094557,8673.07094557,2025-10-29 07:59:26,bitcoin
https://intel.arkm.com/explorer/address/1FWQiwK27EnGXb6BiBMRLJvunJQZZPMcGd,1FWQiwK27EnGXb6BiBMRLJvunJQZZPMcGd,bitcoin,,False,Bitget,cex,https://www.bitget.com/,Hot Wallet,bitcoin,816133493.0390396,0.0,7129.79550926,0.0,2025-10-29 07:59:26,bitcoin
https://intel.arkm.com/explorer/address/12XZMdaAGmcHf4ocFSqpd8jFd1WH7RHUPs,12XZMdaAGmcHf4ocFSqpd8jFd1WH7RHUPs,bitcoin,,False,Bybit,cex,https://bybit.com,Hot Wallet,bitcoin,19656748617.48092,19489424326.539215,172048.86408954998,170597.95308481,2025-10-29 07:59:26,bitcoin
https://intel.arkm.com/explorer/address/bc1qppunwskzl7t3mtmcarlvpxjuzd8jy7l7ga49av2c78xg47fujncsrc76y6,bc1qppunwskzl7t3mtmcarlvpxjuzd8jy7l7ga49av2c78xg47fujncsrc76y6,bitcoin,,False,Bitstamp,cex,https://bitstamp.net,Cold Wallet,bitcoin,1668488231.0088654,1529459635.0947647,14443.59203574,13174.98601181,2025-10-29 07:59:26,bitcoin
https://intel.arkm.com/explorer/address/bc1q0d3k8zue8z5ztqt0r35rsd7gua5z4ser6gt46c,bc1q0d3k8zue8z5ztqt0r35rsd7gua5z4ser6gt46c,bitcoin,,False,Coinbase,cex,https://coinbase.com,Cold Wallet,bitcoin,1528427599.6070724,1611185209.253343,13330.28586545,14048.02216799,2025-10-29 07:59:26,bitcoin
https://intel.arkm.com/explorer/address/39DUz1NCkLu25GczWiAjjgZBu4mUjKbdNA,39DUz1NCkLu25GczWiAjjgZBu4mUjKbdNA,bitcoin,,False,Prince Group (Chen Zhi / LuBian.com),scam,https://www.princeholdinggroup.com/,,,0.0,1097722880.0,0.0,9756.06236415,2025-10-29 07:59:26,bitcoin
https://intel.arkm.com/explorer/address/15DomY3arDPw5jD658Mbf3AY3wT3YCDmW2,15DomY3arDPw5jD658Mbf3AY3wT3YCDmW2,bitcoin,,False,Wintermute,fund,https://www.wintermute.com/,Hot Wallet,bitcoin,6697461127.449604,6623889974.3125,58012.13160608,57383.63190408,2025-10-29 07:59:26,bitcoin
https://intel.arkm.com/explorer/address/bc1qr4dl5wa7kl8yu792dceg9z5knl2gkn220lk7a9,bc1qr4dl5wa7kl8yu792dceg9z5knl2gkn220lk7a9,bitcoin,,False,Crypto.com,cex,https://crypto.com,Cold Wallet,bitcoin,2627198458.1630573,2575478929.251442,22836.26151639,22326.10907584,2025-10-29 07:59:26,bitcoin
https://intel.arkm.com/explorer/address/12XqeqZRVkBDgmPLVY4ZC6Y4ruUUEug8Fx,12XqeqZRVkBDgmPLVY4ZC6Y4ruUUEug8Fx,bitcoin,,False,,,,,,0.0,1244406819.8024902,0.0,11003.00002712,2025-10-29 07:59:26,bitcoin
https://intel.arkm.com/explorer/address/bc1qzwhw94uldd3c8736lsxrda6t6x56030f8zk8nr,bc1qzwhw94uldd3c8736lsxrda6t6x56030f8zk8nr,bitcoin,,False,Deribit,cex,https://deribit.com,Cold Wallet,bitcoin,0.0,3824537216.0,0.0,32106.4832499,2025-10-29 07:59:26,bitcoin
https://intel.arkm.com/explorer/address/bc1qq393eyjh8hdjvcchy0mxquhh9wx8h3kzlkchfs,bc1qq393eyjh8hdjvcchy0mxquhh9wx8h3kzlkchfs,bitcoin,,False,Ceffu,custodian,https://www.ceffu.com/,Custody Hot Wallet,bitcoin,2136476749.4293213,2025594740.571364,18830.942104740003,18018.63304569,2025-10-29 07:59:26,bitcoin
https://intel.arkm.com/explorer/address/3P8dPqoHYcFVB7ki86tE6gSsrDYRuW3MbA,3P8dPqoHYcFVB7ki86tE6gSsrDYRuW3MbA,bitcoin,,False,,,,Coinbase Prime Deposit,bitcoin,1212682547.0,1144301318.0,10081.0,9490.0,2025-10-29 07:59:26,bitcoin
https://intel.arkm.com/explorer/address/bc1q39u0yxprsz6ucq93pgtxksk7ncr4900ypvkwcw,bc1q39u0yxprsz6ucq93pgtxksk7ncr4900ypvkwcw,bitcoin,,False,BIT.com (Matrixport),cex,https://www.bit.com/,,,922379096.6894531,821395984.8960772,8120.75007436,7263.148633989999,2025-10-29 07:59:26,bitcoin
https://intel.arkm.com/explorer/address/3JZq4atUahhuA9rLhXLMhhTo133J9rF97j,3JZq4atUahhuA9rLhXLMhhTo133J9rF97j,bitcoin,,False,Bitfinex,cex,https://bitfinex.com,Cold Wallet,bitcoin,0.0,1297331504.0,0.0,11500.000026,2025-10-29 07:59:26,bitcoin
https://intel.arkm.com/explorer/address/bc1qcgphlnlrn7r436v6y07w503qm0wnku9al5d7jm,bc1qcgphlnlrn7r436v6y07w503qm0wnku9al5d7jm,bitcoin,,False,,,,,,0.0,925860432.0,0.0,7499.99957823,2025-10-29 07:59:26,bitcoin
https://intel.arkm.com/explorer/address/3MqUP6G1daVS5YTD8fz3QgwjZortWwxXFd,3MqUP6G1daVS5YTD8fz3QgwjZortWwxXFd,bitcoin,,False,Coinbase Prime,cex,https://www.coinbase.com/prime,Hot Wallet,bitcoin,21856023538.47772,21861253836.4906,187235.63343535,187324.38260556,2025-10-29 07:59:26,bitcoin
https://intel.arkm.com/explorer/address/1DLeNApsHNNzUMNZJVoXeyEY5sdp8vzx3w,1DLeNApsHNNzUMNZJVoXeyEY5sdp8vzx3w,bitcoin,,False,Bybit,cex,https://bybit.com,Hot Wallet,bitcoin,16680583254.30866,16639736010.639053,145606.87619239002,145279.59933803,2025-10-29 07:59:26,bitcoin
https://intel.arkm.com/explorer/address/bc1q9exg34dkmgxu28yektgn929jpjpzukhhl2r3zr,bc1q9exg34dkmgxu28yektgn929jpjpzukhhl2r3zr,bitcoin,,False,Wintermute,fund,https://www.wintermute.com/,Hot Wallet,bitcoin,5192828217.782227,5207910428.86011,44871.61314291,44994.73982743,2025-10-29 07:59:26,bitcoin
https://intel.arkm.com/explorer/address/335umQ4egqMjDo6wSXYwQZYPntZzMveNTJ,335umQ4egqMjDo6wSXYwQZYPntZzMveNTJ,bitcoin,,False,Coinbase,cex,https://coinbase.com,,,1580531838.1500244,1594558702.8539581,13609.48618527,13744.04628877,2025-10-29 07:59:26,bitcoin
https://intel.arkm.com/explorer/address/3FD9v4Tf6KpbttXoiAUiWtVVEUDMEZ8MED,3FD9v4Tf6KpbttXoiAUiWtVVEUDMEZ8MED,bitcoin,,False,ETC Group,fund,https://etc-group.com/,BTCE Bitcoin ETF,bitcoin,841760384.0,876530624.0,7173.56406811,7173.56406811,2025-10-29 07:59:26,bitcoin
https://intel.arkm.com/explorer/address/bc1qx9n80t5q7tfmutzaj0ramzzzsvtveara68zntc,bc1qx9n80t5q7tfmutzaj0ramzzzsvtveara68zntc,bitcoin,,False,Kraken,cex,https://kraken.com,Hot Wallet,bitcoin,13840306702.441132,13950529997.375,120979.12630886,121661.04770098999,2025-10-29 07:59:26,bitcoin
https://intel.arkm.com/explorer/address/1KbDEg1tDz2ErYgaDbaDhhawnLrSQFaFx5,1KbDEg1tDz2ErYgaDbaDhhawnLrSQFaFx5,bitcoin,,False,Wintermute,fund,https://www.wintermute.com/,Binance Deposit,bitcoin,5502439230.214479,5508708652.488236,47879.47757897,47952.68642213,2025-10-29 07:59:26,bitcoin
https://intel.arkm.com/explorer/address/16Uz37Q6TfvK2UFTgamn3dyRjnP2Wtf4p2,16Uz37Q6TfvK2UFTgamn3dyRjnP2Wtf4p2,bitcoin,,False,Cumberland DRW,fund,https://cumberland.io,,,1255297252.390625,1170921816.96875,10742.594330169999,9956.93887943,2025-10-29 07:59:26,bitcoin
https://intel.arkm.com/explorer/address/bc1pdwu79dady576y3fupmm82m3g7p2p9f6hgyeqy0tdg7ztxg7xrayqlkl8j9,bc1pdwu79dady576y3fupmm82m3g7p2p9f6hgyeqy0tdg7ztxg7xrayqlkl8j9,bitcoin,,False,Hyperunit,blockchain-infra,https://hyperunit.xyz,Hot Wallet,bitcoin,1261187143.1011586,1314391390.6591797,10903.397220750001,11341.69552085,2025-10-29 07:59:26,bitcoin
https://intel.arkm.com/explorer/address/bc1qpa5uhy6yc4jnj4et5dxyvzhx7wtqrzt7a43klg,bc1qpa5uhy6yc4jnj4et5dxyvzhx7wtqrzt7a43klg,bitcoin,,False,Galaxy Digital,fund,https://www.galaxy.com/,,,857246586.4083047,0.0,7552.56941717,0.0,2025-10-29 07:59:26,bitcoin
https://intel.arkm.com/explorer/address/bc1qtq5zfllw9fs9w6stnfgalf9v59fgrcxxyawuvm,bc1qtq5zfllw9fs9w6stnfgalf9v59fgrcxxyawuvm,bitcoin,,False,Deribit,cex,https://deribit.com,,,3988796542.5,4013986510.0,33507.86071814,33707.56940034,2025-10-29 07:59:26,bitcoin
https://intel.arkm.com/explorer/address/1Pzaqw98PeRfyHypfqyEgg5yycJRsENrE7,1Pzaqw98PeRfyHypfqyEgg5yycJRsENrE7,bitcoin,,False,Binance,cex,https://binance.com,Cold Wallet,bitcoin,2299495096.0,3683662954.0,20565.0,30990.0006724,2025-10-29 07:59:26,bitcoin
https://intel.arkm.com/explorer/address/324H9uyTV9bPgAVgmdJNxPKKKZmowk5CYq,324H9uyTV9bPgAVgmdJNxPKKKZmowk5CYq,bitcoin,,False,Bullish.com,cex,https://bullish.com/,Hot Wallet,bitcoin,1676331949.5,1688615338.732624,14677.43328202,14763.30915535,2025-10-29 07:59:26,bitcoin
https://intel.arkm.com/explorer/address/bc1quhruqrghgcca950rvhtrg7cpd7u8k6svpzgzmrjy8xyukacl5lkq0r8l2d,bc1quhruqrghgcca950rvhtrg7cpd7u8k6svpzgzmrjy8xyukacl5lkq0r8l2d,bitcoin,,False,OKX,cex,https://okx.com,Hot Wallet,bitcoin,3834700586.8177247,3961070663.743944,33492.73461812,34319.91270187,2025-10-29 07:59:26,bitcoin
https://intel.arkm.com/explorer/address/bc1q42kvqt0e3f27qhd2ucnprarl5ywpuj7tu0h9v2,bc1q42kvqt0e3f27qhd2ucnprarl5ywpuj7tu0h9v2,bitcoin,,False,FalconX,cex,https://falconx.io/,Hot Wallet,bitcoin,2531273834.884252,2588345855.70983,22261.56088673,22749.80723134,2025-10-29 07:59:26,bitcoin
https://intel.arkm.com/explorer/address/bc1q8s3h3vw5xufdas890q29lpuca56r0ezqar0mvs,bc1q8s3h3vw5xufdas890q29lpuca56r0ezqar0mvs,bitcoin,,False,Cumberland DRW,fund,https://cumberland.io,,,2201085276.063843,2084498138.1032286,18924.93158628,17909.81688506,2025-10-29 07:59:26,bitcoin
https://intel.arkm.com/explorer/address/bc1qm34lsc65zpw79lxes69zkqmk6ee3ewf0j77s3h,bc1qm34lsc65zpw79lxes69zkqmk6ee3ewf0j77s3h,bitcoin,,False,Binance,cex,https://binance.com,Hot Wallet,bitcoin,26535798389.568546,26319979808.87391,231456.27350473,229002.40666273,2025-10-29 07:59:26,bitcoin
https://intel.arkm.com/explorer/address/1GrwDkr33gT6LuumniYjKEGjTLhsL5kmqC,1GrwDkr33gT6LuumniYjKEGjTLhsL5kmqC,bitcoin,,False,Bybit,cex,https://bybit.com,Hot Wallet,bitcoin,17814350799.78034,17786812569.18001,155358.87665695,155037.32274292,2025-10-29 07:59:26,bitcoin
https://intel.arkm.com/explorer/address/12DezRFkKToAiLTDNru1g7FuvtAWMwCZ7N,12DezRFkKToAiLTDNru1g7FuvtAWMwCZ7N,bitcoin,,False,Coinbase,cex,https://coinbase.com,Cold Wallet,bitcoin,4019468126.2734375,4006382780.1328125,35099.29143901,34986.48989538,2025-10-29 07:59:26,bitcoin
https://intel.arkm.com/explorer/address/3L2h3eRieCJiNkGTqREMq3c2FarSCbhtQP,3L2h3eRieCJiNkGTqREMq3c2FarSCbhtQP,bitcoin,,False,ETC Group,fund,https://etc-group.com/,BTCE Bitcoin ETF,bitcoin,867316416.0,861616576.0,7098.15441005,7098.15441005,2025-10-29 07:59:26,bitcoin
https://intel.arkm.com/explorer/address/1PJiGp2yDLvUgqeBsuZVCBADArNsk6XEiw,1PJiGp2yDLvUgqeBsuZVCBADArNsk6XEiw,bitcoin,,False,Binance,cex,https://binance.com,Cold Wallet,bitcoin,1325450112.0,0.0,10833.0,0.0,2025-10-29 07:59:26,bitcoin
https://intel.arkm.com/explorer/address/bc1qjasf9z3h7w3jspkhtgatgpyvvzgpa2wwd2lr0eh5tx44reyn2k7sfc27a4,bc1qjasf9z3h7w3jspkhtgatgpyvvzgpa2wwd2lr0eh5tx44reyn2k7sfc27a4,bitcoin,,False,Tether,stablecoin,https://tether.to/,Bitcoin Reserves,bitcoin,1004186688.0,0.0,8888.8888888,0.0,2025-10-29 07:59:26,bitcoin
https://intel.arkm.com/explorer/address/39ZP3h79p7xkoB6qZwPiQw8dnHCsBT51u7,39ZP3h79p7xkoB6qZwPiQw8dnHCsBT51u7,bitcoin,,False,ETC Group,fund,https://etc-group.com/,BTCE Bitcoin ETF,bitcoin,875762816.0,875762816.0,7167.28024582,7167.28024582,2025-10-29 07:59:26,bitcoin
https://intel.arkm.com/explorer/address/bc1qws342rlkhszh58rtn35zrw7w076puz83gkcufy,bc1qws342rlkhszh58rtn35zrw7w076puz83gkcufy,bitcoin,,False,Deribit,cex,https://deribit.com,Coinbase Prime Custody,bitcoin,4010743895.268822,0.0,33750.0009303,0.0,2025-10-29 07:59:26,bitcoin
https://intel.arkm.com/explorer/address/38MfJkxPkpwsZxkyfESwjdaKBdXrV8DpWr,38MfJkxPkpwsZxkyfESwjdaKBdXrV8DpWr,bitcoin,,False,Coinbase,cex,https://coinbase.com,,,1923152377.921875,1985526281.84375,16348.95997,16850.91097,2025-10-29 07:59:26,bitcoin
https://intel.arkm.com/explorer/address/bc1qn2cpj0hrl37wqh5q94kwrlhtj2lx8ahtw7ef5rg35tswxsqtvufqfmmrq2,bc1qn2cpj0hrl37wqh5q94kwrlhtj2lx8ahtw7ef5rg35tswxsqtvufqfmmrq2,bitcoin,,False,OKX,cex,https://okx.com,Hot Wallet,bitcoin,3216824216.3641872,3187341881.5155964,27808.836499240002,27571.40549851,2025-10-29 07:59:26,bitcoin
https://intel.arkm.com/explorer/address/bc1qvrwzs8unvu35kcred2z5ujjef36s5jgf3y6tp8,bc1qvrwzs8unvu35kcred2z5ujjef36s5jgf3y6tp8,bitcoin,,False,,,,,,1219689154.701087,0.0,10907.90654394,0.0,2025-10-29 07:59:26,bitcoin
https://intel.arkm.com/explorer/address/bc1qf8kep70t232jtajg2x4r8dhtuvtd7kuea8ve9w02qy5k4wncyl7spmnfme,bc1qf8kep70t232jtajg2x4r8dhtuvtd7kuea8ve9w02qy5k4wncyl7spmnfme,bitcoin,,False,OKX,cex,https://okx.com,Cold Wallet,bitcoin,878551659.8711774,0.0,7417.032693190001,0.0,2025-10-29 07:59:26,bitcoin
https://intel.arkm.com/explorer/address/3M219KR5vEneNb47ewrPfWyb5jQ2DjxRP6,3M219KR5vEneNb47ewrPfWyb5jQ2DjxRP6,bitcoin,,False,Binance,cex,https://binance.com,Cold Wallet,bitcoin,0.0,2240158208.0,0.0,20045.082,2025-10-29 07:59:26,bitcoin
https://intel.arkm.com/explorer/address/bc1q32lyrhp9zpww22phqjwwmelta0c8a5q990ghs6,bc1q32lyrhp9zpww22phqjwwmelta0c8a5q990ghs6,bitcoin,,False,Ceffu,custodian,https://www.ceffu.com/,Custody Cold Wallet,bitcoin,0.0,1410277464.0,0.0,12645.0000334,2025-10-29 07:59:26,bitcoin
https://intel.arkm.com/explorer/address/bc1p2mlwrss9tmvtfvu0tcxul2h0w67ej8vyjpj3ksctt67vd9r752ksqx6uqm,bc1p2mlwrss9tmvtfvu0tcxul2h0w67ej8vyjpj3ksctt67vd9r752ksqx6uqm,bitcoin,,False,,,,,,1991629682.7441406,1992070825.5442286,17325.19936025,17322.99401824,2025-10-29 07:59:26,bitcoin
https://intel.arkm.com/explorer/address/bc1q67g733e7z2gy333pcnkqrvpptjel2c6kr4jkug,bc1q67g733e7z2gy333pcnkqrvpptjel2c6kr4jkug,bitcoin,,False,,,,,,1222254096.3375797,0.0,9900.00000294,0.0,2025-10-29 07:59:26,bitcoin
https://intel.arkm.com/explorer/address/34kn9zJe1K8kbGUJtMUar4cQrYiQRs9tef,34kn9zJe1K8kbGUJtMUar4cQrYiQRs9tef,bitcoin,,False,,,,,,985205888.0,978419904.0,8756.06236092,8756.06236092,2025-10-29 07:59:26,bitcoin
https://intel.arkm.com/explorer/address/bc1qv4r4zwvf5ckdx3llaykl0vez4fdaj4jh5yfjsw,bc1qv4r4zwvf5ckdx3llaykl0vez4fdaj4jh5yfjsw,bitcoin,,False,,,,,,8902329219.5,8790885157.0,77718.15142842,76707.72917754,2025-10-29 07:59:26,bitcoin
https://intel.arkm.com/explorer/address/bc1quq29mutxkgxmjfdr7ayj3zd9ad0ld5mrhh89l2,bc1quq29mutxkgxmjfdr7ayj3zd9ad0ld5mrhh89l2,bitcoin,,False,Gemini,cex,https://gemini.com,Hot Wallet,bitcoin,1006554506.6398759,972018958.3391757,8673.20646739,8363.19826529,2025-10-29 07:59:26,bitcoin
https://intel.arkm.com/explorer/address/3FWKpriKE2JLbgdQMjro54Qc2dtiQUihf1,3FWKpriKE2JLbgdQMjro54Qc2dtiQUihf1,bitcoin,,False,ETC Group,fund,https://etc-group.com/,BTCE Bitcoin ETF,bitcoin,0.0,844816448.0,0.0,7199.6085631,2025-10-29 07:59:26,bitcoin
https://intel.arkm.com/explorer/address/36YZXcTVLPdyapYuqXdJEt46oMVB2NrzVv,36YZXcTVLPdyapYuqXdJEt46oMVB2NrzVv,bitcoin,,False,,,,Coinbase Prime Deposit,bitcoin,892358330.15625,944216206.0,7981.19588433,8464.570919990001,2025-10-29 07:59:26,bitcoin
https://intel.arkm.com/explorer/address/3KXwpcwggRsACLkFdfCVMU5ZA4tcLxdN6T,3KXwpcwggRsACLkFdfCVMU5ZA4tcLxdN6T,bitcoin,,False,Kraken,cex,https://kraken.com,Kraken Deposit,bitcoin,8902233872.5,8773603373.335938,77718.09796684,76563.75687162,2025-10-29 07:59:26,bitcoin
https://intel.arkm.com/explorer/address/bc1q7cyrfmck2ffu2ud3rn5l5a8yv6f0chkp0zpemf,bc1q7cyrfmck2ffu2ud3rn5l5a8yv6f0chkp0zpemf,bitcoin,,False,Crypto.com,cex,https://crypto.com,Hot Wallet,bitcoin,2438433584.937992,2533449595.410448,21167.01182721,21920.93200553,2025-10-29 07:59:26,bitcoin
https://intel.arkm.com/explorer/address/0x111111125421cA6dc452d289314280a0f8842A65,0x111111125421cA6dc452d289314280a0f8842A65,ethereum,True,False,1inch,dex-aggregator,https://1inch.io,AggregationRouterV6,evm,1790190755.5259137,1791335153.9080775,434015.2808830919,434290.50045969593,2025-10-29 08:00:16,ethereum
https://intel.arkm.com/explorer/address/0x9D40b76D9869FE4591B6894732cF5355Dd5283bf,0x9D40b76D9869FE4591B6894732cF5355Dd5283bf,ethereum,False,False,,,,,,0.0,1159787497.536953,0.0,280003.15867384465,2025-10-29 08:00:16,ethereum
https://intel.arkm.com/explorer/address/0xbdAeDf327F5bc552a8479326562F6EfEAB2D8d96,0xbdAeDf327F5bc552a8479326562F6EfEAB2D8d96,ethereum,False,False,Wintermute,fund,https://www.wintermute.com/,,,2411367648.360204,2412748847.873047,579605.911,579606.0,2025-10-29 08:00:16,ethereum
https://intel.arkm.com/explorer/address/0x4200000000000000000000000000000000000006,0x4200000000000000000000000000000000000006,ethereum,False,False,,,,,,8415054792.02046,8562841582.997196,2034726.9735257018,2070263.6963815056,2025-10-29 08:00:16,ethereum
https://intel.arkm.com/explorer/address/0x1f2F10D1C40777AE1Da742455c65828FF36Df387,0x1f2F10D1C40777AE1Da742455c65828FF36Df387,ethereum,True,False,jaredfromsubway (MEV),mev,,MEV Bot,evm,4449346744.429161,4450577298.201296,1080595.551024538,1080909.711870019,2025-10-29 08:00:16,ethereum
https://intel.arkm.com/explorer/address/0xDFd5293D8e347dFe59E90eFd55b2956a1343963d,0xDFd5293D8e347dFe59E90eFd55b2956a1343963d,ethereum,False,False,Binance,cex,https://binance.com,Hot Wallet,evm,2733069302.7599945,2693927616.6513467,659026.4258866963,650642.21821627,2025-10-29 08:00:16,ethereum
https://intel.arkm.com/explorer/address/0x4976A4A02f38326660D17bf34b431dC6e2eb2327,0x4976A4A02f38326660D17bf34b431dC6e2eb2327,ethereum,False,False,Binance,cex,https://binance.com,Hot Wallet,evm,2872248444.391684,2888285074.146494,693384.7255019627,698108.79383591,2025-10-29 08:00:16,ethereum
https://intel.arkm.com/explorer/address/0xCFFAd3200574698b78f32232aa9D63eABD290703,0xCFFAd3200574698b78f32232aa9D63eABD290703,ethereum,False,False,Crypto.com,cex,https://crypto.com,Hot Wallet,evm,1247231643.7932606,0.0,301519.4793568861,0.0,2025-10-29 08:00:16,ethereum
https://intel.arkm.com/explorer/address/0x8eBda19DdEE719DAB78DEf3e22c3d37970e35217,0x8eBda19DdEE719DAB78DEf3e22c3d37970e35217,ethereum,True,False,Coinbase Prime,cex,https://www.coinbase.com/prime,Batch Staking Deposit,evm,5523589769.65625,5523589766.96875,1235312.365262055,1235312.365262055,2025-10-29 08:00:16,ethereum
https://intel.arkm.com/explorer/address/0xA9Ac43f5b5e38155A288d1A01D2cbc4478E14573,0xA9Ac43f5b5e38155A288d1A01D2cbc4478E14573,ethereum,False,False,OKX,cex,https://okx.com,Hot Wallet,evm,3562886548.519509,3619027160.28942,870166.2874649293,880376.76549327,2025-10-29 08:00:16,ethereum
https://intel.arkm.com/explorer/address/0xEDc7001e99a37c3D23b5f7974F837387e09f9C93,0xEDc7001e99a37c3D23b5f7974F837387e09f9C93,ethereum,False,False,Coinbase,cex,https://coinbase.com,Deposit,evm,2706971735.03125,2712843621.765625,640232.884215,641522.8426803184,2025-10-29 08:00:16,ethereum
https://intel.arkm.com/explorer/address/0x56Eddb7aa87536c09CCc2793473599fD21A8b17F,0x56Eddb7aa87536c09CCc2793473599fD21A8b17F,ethereum,False,False,Binance,cex,https://binance.com,Hot Wallet,evm,2188570047.567954,2174198122.8944364,526109.3616515433,523444.91900856,2025-10-29 08:00:16,ethereum
https://intel.arkm.com/explorer/address/0xd01607c3C5eCABa394D8be377a08590149325722,0xd01607c3C5eCABa394D8be377a08590149325722,ethereum,True,False,Aave,lending-decentralized,https://aave.com,WrappedTokenGatewayV3,evm,9140147032.224855,9140147045.9214,2205935.7079735,2205935.7112734998,2025-10-29 08:00:16,ethereum
https://intel.arkm.com/explorer/address/0x51C72848c68a965f66FA7a88855F9f7784502a7F,0x51C72848c68a965f66FA7a88855F9f7784502a7F,ethereum,True,False,Wintermute,fund,https://www.wintermute.com/,Market Maker,evm,7783479706.128296,7783347577.850127,1875243.5949163355,1875243.567069739,2025-10-29 08:00:16,ethereum
https://intel.arkm.com/explorer/address/0xa1abfA21f80ecf401bd41365adBb6fEF6fEfDF09,0xa1abfA21f80ecf401bd41365adBb6fEF6fEfDF09,ethereum,False,False,Bybit,cex,https://bybit.com,Hot Wallet,evm,1616133544.0939991,1567058152.438121,389760.33446382405,378542.290383309,2025-10-29 08:00:16,ethereum
https://intel.arkm.com/explorer/address/0xE69f81b825d7Dc31ee9becef4DbEab5cf30e3Abb,0xE69f81b825d7Dc31ee9becef4DbEab5cf30e3Abb,ethereum,False,False,Binance,cex,https://binance.com,Internal,evm,1372730503.9444146,1384254125.6796117,317526.2588205474,320651.2844938603,2025-10-29 08:00:16,ethereum
https://intel.arkm.com/explorer/address/0x52Aa899454998Be5b000Ad077a46Bbe360F4e497,0x52Aa899454998Be5b000Ad077a46Bbe360F4e497,ethereum,True,False,Fluid (Instadapp),misc,https://fluid.instadapp.io,FluidLiquidityProxy,evm,1741127723.2589574,1731908779.4801767,425649.432064539,426048.0441215682,2025-10-29 08:00:16,ethereum
https://intel.arkm.com/explorer/address/0xb5d85CBf7cB3EE0D56b3bB207D5Fc4B82f43F511,0xb5d85CBf7cB3EE0D56b3bB207D5Fc4B82f43F511,ethereum,False,False,Coinbase,cex,https://coinbase.com,Hot Wallet,evm,9248929599.528242,9260052021.12708,2211196.827079115,2212317.4410758144,2025-10-29 08:00:16,ethereum
https://intel.arkm.com/explorer/address/0x1157A2076b9bB22a85CC2C162f20fAB3898F4101,0x1157A2076b9bB22a85CC2C162f20fAB3898F4101,ethereum,False,False,FalconX,cex,https://falconx.io/,Hot Wallet,evm,1907281801.8612325,1829398639.344089,465071.15954889613,449252.28963556,2025-10-29 08:00:16,ethereum
https://intel.arkm.com/explorer/address/0xA9D1e08C7793af67e9d92fe308d5697FB81d3E43,0xA9D1e08C7793af67e9d92fe308d5697FB81d3E43,ethereum,True,False,Coinbase,cex,https://coinbase.com,Hot Wallet,evm,19565041389.733932,19552796372.064262,4683178.651693601,4681414.658089711,2025-10-29 08:00:16,ethereum
https://intel.arkm.com/explorer/address/0x82aF49447D8a07e3bd95BD0d56f35241523fBab1,0x82aF49447D8a07e3bd95BD0d56f35241523fBab1,ethereum,False,False,,,,,,3368406839.8232684,3356641133.9014506,814543.1817795269,812900.5237736529,2025-10-29 08:00:16,ethereum
https://intel.arkm.com/explorer/address/0x1382cFf3CeE10D283DccA55A30496187759e4cAf,0x1382cFf3CeE10D283DccA55A30496187759e4cAf,ethereum,False,False,Moonwell,lending-decentralized,https://moonwell.fi,,,1423760121.6281726,1423764803.6420333,341344.0612135843,341345.26715400687,2025-10-29 08:00:16,ethereum
https://intel.arkm.com/explorer/address/0xae7ab96520DE3A18E5e111B5EaAb095312D7fE84,0xae7ab96520DE3A18E5e111B5EaAb095312D7fE84,ethereum,True,False,Lido,liquid-staking,https://lido.fi,Lido Staked Ether Token (STETH),evm,1942675893.628839,2097527453.046875,481916.71608709457,516060.4331374835,2025-10-29 08:00:16,ethereum
https://intel.arkm.com/explorer/address/0xC02aaA39b223FE8D0A0e5C4F27eAD9083C756Cc2,0xC02aaA39b223FE8D0A0e5C4F27eAD9083C756Cc2,ethereum,True,False,,,,Wrapped Ether (WETH),evm,27948033484.546013,29260356655.00423,6699576.698089835,7012620.301334767,2025-10-29 08:00:16,ethereum
https://intel.arkm.com/explorer/address/0xCD531Ae9EFCCE479654c4926dec5F6209531Ca7b,0xCD531Ae9EFCCE479654c4926dec5F6209531Ca7b,ethereum,False,False,Coinbase Prime,cex,https://www.coinbase.com/prime,Hot Wallet,evm,5487314228.281985,5485962910.190153,1307049.793634465,1306004.5387638237,2025-10-29 08:00:16,ethereum
https://intel.arkm.com/explorer/address/0x9696f59E4d72E237BE84fFD425DCaD154Bf96976,0x9696f59E4d72E237BE84fFD425DCaD154Bf96976,ethereum,False,False,Binance,cex,https://binance.com,Hot Wallet,evm,3111267071.5499487,3035816330.1551456,750104.5314382976,731904.76272525,2025-10-29 08:00:16,ethereum
https://intel.arkm.com/explorer/address/0xf78Ba337830641A31e612cCC089cb1BbDc9540EB,0xf78Ba337830641A31e612cCC089cb1BbDc9540EB,ethereum,True,False,,,,,,3016512302.7177734,3016512302.712713,646049.6298058233,646049.6298058233,2025-10-29 08:00:16,ethereum
https://intel.arkm.com/explorer/address/0xC36442b4a4522E871399CD717aBDD847Ab11FE88,0xC36442b4a4522E871399CD717aBDD847Ab11FE88,ethereum,True,False,Uniswap,dex,https://uniswap.org,Nonfungible Position Manager,evm,1359722876.2542748,1429477343.6950092,330476.7397358154,347595.62142558483,2025-10-29 08:00:16,ethereum
https://intel.arkm.com/explorer/address/0xBa47cbFdD61029833841fcaA2ec2591dDfa87e51,0xBa47cbFdD61029833841fcaA2ec2591dDfa87e51,ethereum,True,False,,,,,,1227326373.01622,1227321284.0944402,296023.47039321496,296022.4835835635,2025-10-29 08:00:16,ethereum
https://intel.arkm.com/explorer/address/0xceB69F6342eCE283b2F5c9088Ff249B5d0Ae66ea,0xceB69F6342eCE283b2F5c9088Ff249B5d0Ae66ea,ethereum,False,False,Coinbase Prime,cex,https://www.coinbase.com/prime,Hot Wallet,evm,7736278335.115052,7772864325.031103,1868965.0353987308,1879772.6695010043,2025-10-29 08:00:16,ethereum
https://intel.arkm.com/explorer/address/0x4752ba5DBc23f44D87826276BF6Fd6b1C372aD24,0x4752ba5DBc23f44D87826276BF6Fd6b1C372aD24,ethereum,True,False,Uniswap,dex,https://uniswap.org,Quoter,evm,4004101381.1032934,4004192940.827891,970040.8151559314,970063.5625480763,2025-10-29 08:00:16,ethereum
https://intel.arkm.com/explorer/address/0x9008D19f58AAbD9eD0D60971565AA8510560ab41,0x9008D19f58AAbD9eD0D60971565AA8510560ab41,ethereum,True,False,CoW Protocol,dex-aggregator,https://cow.fi,Settlement,evm,1593325657.5226095,1595064206.3142083,385863.0703292635,386308.73994708015,2025-10-29 08:00:16,ethereum
https://intel.arkm.com/explorer/address/0x66a9893cC07D91D95644AEDD05D03f95e1dBA8Af,0x66a9893cC07D91D95644AEDD05D03f95e1dBA8Af,ethereum,True,False,Uniswap,dex,https://uniswap.org,UniversalRouter,evm,1391701846.2864738,1391846875.154771,335711.93294221396,335747.6522674761,2025-10-29 08:00:16,ethereum
https://intel.arkm.com/explorer/address/0x46340b20830761efd32832A74d7169B29FEB9758,0x46340b20830761efd32832A74d7169B29FEB9758,ethereum,False,False,Crypto.com,cex,https://crypto.com,Hot Wallet,evm,0.0,1224561305.039869,0.0,295698.82364074717,2025-10-29 08:00:16,ethereum
https://intel.arkm.com/explorer/address/0xf30ba13e4b04Ce5dC4D254Ae5FA95477800F0EB0,0xf30ba13e4b04Ce5dC4D254Ae5FA95477800F0EB0,ethereum,False,False,Kraken,cex,https://kraken.com,Hot Wallet,evm,3077330573.420742,2395560956.068679,735068.1271059699,584624.365994967,2025-10-29 08:00:16,ethereum
https://intel.arkm.com/explorer/address/0xf8191D98ae98d2f7aBDFB63A9b0b812b93C873AA,0xf8191D98ae98d2f7aBDFB63A9b0b812b93C873AA,ethereum,False,False,Wintermute,fund,https://www.wintermute.com/,Hot Wallet,evm,2902073133.0675964,2897537989.920313,695234.0973572965,692923.61707778,2025-10-29 08:00:16,ethereum
https://intel.arkm.com/explorer/address/0x7C876bdaA5c038E19F633714f622F6Def949B102,0x7C876bdaA5c038E19F633714f622F6Def949B102,ethereum,False,False,,,,,,1791308363.4174967,1788869919.800531,433924.11499510583,433406.0427518644,2025-10-29 08:00:16,ethereum
https://intel.arkm.com/explorer/address/0x889edC2eDab5f40e902b864aD4d7AdE8E412F9B1,0x889edC2eDab5f40e902b864aD4d7AdE8E412F9B1,ethereum,True,False,Lido,liquid-staking,https://lido.fi,stETH Withdrawal NFT (unstETH),evm,1233150603.0,1549347683.0117023,301239.797699128,377730.60429520486,2025-10-29 08:00:16,ethereum
https://intel.arkm.com/explorer/address/0x0A5Ec5A3d2d581ADc1839df37145fbBCDCF92A31,0x0A5Ec5A3d2d581ADc1839df37145fbBCDCF92A31,ethereum,True,False,,,,,,0.0,1212136050.0,0.0,285000.0,2025-10-29 08:00:16,ethereum
https://intel.arkm.com/explorer/address/0xE8EC6F702D68ded71112031D78bBFf959c7234C7,0xE8EC6F702D68ded71112031D78bBFf959c7234C7,ethereum,True,False,Kiln,miner-validator,https://www.kiln.fi/,ConsensusLayerFeeDispatcher (Proxy),evm,1154529711.1459389,1154529999.5287716,284537.9398291923,284538.0095803133,2025-10-29 08:00:16,ethereum
https://intel.arkm.com/explorer/address/0xEae7380dD4CeF6fbD1144F49E4D1e6964258A4F4,0xEae7380dD4CeF6fbD1144F49E4D1e6964258A4F4,ethereum,False,False,Wintermute,fund,https://www.wintermute.com/,Binance Deposit,evm,8400140193.156541,8406211918.332031,2021947.0253132686,2022236.882075993,2025-10-29 08:00:16,ethereum
https://intel.arkm.com/explorer/address/0xad6eaa735D9dF3D7696fd03984379dAE02eD8862,0xad6eaa735D9dF3D7696fd03984379dAE02eD8862,ethereum,False,False,Cumberland DRW,fund,https://cumberland.io,,,1931350546.5615234,1969783336.4367847,459537.8294165395,467934.51414689,2025-10-29 08:00:16,ethereum
https://intel.arkm.com/explorer/address/0x00000000219ab540356cBB839Cbe05303d7705Fa,0x00000000219ab540356cBB839Cbe05303d7705Fa,ethereum,True,False,,,,Eth2 Beacon Deposit Contract,evm,11803861214.89502,0.0,2737247.540097488,0.0,2025-10-29 08:00:16,ethereum
https://intel.arkm.com/explorer/address/0x3304E22DDaa22bCdC5fCa2269b418046aE7b566A,0x3304E22DDaa22bCdC5fCa2269b418046aE7b566A,ethereum,False,False,Binance,cex,https://binance.com,Hot Wallet,evm,1712627688.122549,1762984834.9274416,411435.75730541535,421608.002908,2025-10-29 08:00:16,ethereum
https://intel.arkm.com/explorer/address/0x28C6c06298d514Db089934071355E5743bf21d60,0x28C6c06298d514Db089934071355E5743bf21d60,ethereum,False,False,Binance,cex,https://binance.com,Hot Wallet,evm,17025468518.404577,16894616464.664858,4092644.878219944,4069594.39896801,2025-10-29 08:00:16,ethereum
https://intel.arkm.com/explorer/address/0x000000000004444c5dc75cB358380D2e3dE08A90,0x000000000004444c5dc75cB358380D2e3dE08A90,ethereum,True,False,Uniswap,dex,https://uniswap.org,PoolManager,evm,6261300279.508312,6238162044.440963,1518949.8867338707,1514700.6977641706,2025-10-29 08:00:16,ethereum
https://intel.arkm.com/explorer/address/0xB38e8c17e38363aF6EbdCb3dAE12e0243582891D,0xB38e8c17e38363aF6EbdCb3dAE12e0243582891D,ethereum,False,False,Binance,cex,https://binance.com,Hot Wallet,evm,2547608384.144506,2620686479.8478894,615732.1016899969,632837.87884984,2025-10-29 08:00:16,ethereum
https://intel.arkm.com/explorer/address/0xbD216513d74C8cf14cf4747E6AaA6420FF64ee9e,0xbD216513d74C8cf14cf4747E6AaA6420FF64ee9e,ethereum,True,False,Uniswap,dex,https://uniswap.org,Uniswap v4 Positions NFT (UNI-V4-POSM),evm,2040226868.6948614,2040227394.8384938,495193.98565667507,495194.1189643793,2025-10-29 08:00:16,ethereum
https://intel.arkm.com/explorer/address/0x1E8540d60a7B34E79DA540FFf2d11bC4ad832f76,0x1E8540d60a7B34E79DA540FFf2d11bC4ad832f76,ethereum,True,False,,,,,,1447194804.4535828,1447191809.808834,355763.76634152397,355763.00466199854,2025-10-29 08:00:16,ethereum
https://intel.arkm.com/explorer/address/0xA920De414eA4Ab66b97dA1bFE9e6EcA7d4219635,0xA920De414eA4Ab66b97dA1bFE9e6EcA7d4219635,ethereum,True,False,Curve.fi,dex,https://curve.fi,crvUSD Controller,evm,1242310983.4931743,0.0,292868.07879320334,0.0,2025-10-29 08:00:16,ethereum
https://intel.arkm.com/explorer/address/0x0003B5Aa5E30E97FcC596BB5D0F3A75255E08D4e,0x0003B5Aa5E30E97FcC596BB5D0F3A75255E08D4e,ethereum,False,False,OKX,cex,https://okx.com,Hot Wallet,evm,2724526106.9190893,2722511495.0610394,663670.347498833,663256.86215085,2025-10-29 08:00:16,ethereum
https://intel.arkm.com/explorer/address/0x5141B82f5fFDa4c6fE1E372978F1C5427640a190,0x5141B82f5fFDa4c6fE1E372978F1C5427640a190,ethereum,True,False,1inch,dex-aggregator,https://1inch.io,,,1546159698.4167268,1546215809.2466564,367573.58652739844,367587.572800411,2025-10-29 08:00:16,ethereum
https://intel.arkm.com/explorer/address/0x21a31Ee1afC51d94C2eFcCAa2092aD1028285549,0x21a31Ee1afC51d94C2eFcCAa2092aD1028285549,ethereum,False,False,Binance,cex,https://binance.com,Hot Wallet,evm,3173251368.1580286,3114038714.950055,760407.7617179992,745680.17623868,2025-10-29 08:00:16,ethereum
https://intel.arkm.com/explorer/address/0x73AF3bcf944a6559933396c1577B257e2054D935,0x73AF3bcf944a6559933396c1577B257e2054D935,ethereum,False,False,Robinhood,cex,https://robinhood.com/,,,43038926.1252131,0.0,2193720.0000099996,0.0,2025-10-29 08:00:20,chainlink
https://intel.arkm.com/explorer/address/0x544684Ae86Ae0569BdA7afD5d957A882b5d933B1,0x544684Ae86Ae0569BdA7afD5d957A882b5d933B1,ethereum,False,False,,,,,,24523683.25,0.0,1404452.2012951453,0.0,2025-10-29 08:00:20,chainlink
https://intel.arkm.com/explorer/address/0xd196E9D37A7c532A2De85f5726E21F4f1f762e8f,0xd196E9D37A7c532A2De85f5726E21F4f1f762e8f,ethereum,False,False,,,,,,24019225.5,0.0,1383886.872510726,0.0,2025-10-29 08:00:20,chainlink
https://intel.arkm.com/explorer/address/0x924a4cCcEE25a5093C7486c081633CF95d3B4B93,0x924a4cCcEE25a5093C7486c081633CF95d3B4B93,ethereum,False,False,Coinbase,cex,https://coinbase.com,,,0.0,34460000.0,0.0,2000000.00001,2025-10-29 08:00:20,chainlink
https://intel.arkm.com/explorer/address/0x9008D19f58AAbD9eD0D60971565AA8510560ab41,0x9008D19f58AAbD9eD0D60971565AA8510560ab41,ethereum,True,False,CoW Protocol,dex-aggregator,https://cow.fi,Settlement,evm,66960836.29474581,66971370.98097744,3464784.914990669,3465330.3275599857,2025-10-29 08:00:20,chainlink
https://intel.arkm.com/explorer/address/0x7C876bdaA5c038E19F633714f622F6Def949B102,0x7C876bdaA5c038E19F633714f622F6Def949B102,ethereum,False,False,,,,,,92873419.86403097,92862932.13671875,4761595.884720088,4761593.522063682,2025-10-29 08:00:20,chainlink
https://intel.arkm.com/explorer/address/0x841ed663F2636863D40be4EE76243377dff13a34,0x841ed663F2636863D40be4EE76243377dff13a34,ethereum,False,False,Robinhood,cex,https://robinhood.com/,Hot Wallet,evm,41409497.26006289,62964673.59472656,2248221.858417027,3231925.1187126297,2025-10-29 08:00:20,chainlink
https://intel.arkm.com/explorer/address/0x14ec8383A3C864107Ae08fCa194a253498103b11,0x14ec8383A3C864107Ae08fCa194a253498103b11,ethereum,False,False,Coinbase,cex,https://coinbase.com,,,0.0,37551352.0,0.0,2138459.7326703244,2025-10-29 08:00:20,chainlink
https://intel.arkm.com/explorer/address/0x4C381016Af2185B97E4f6944C125603320762237,0x4C381016Af2185B97E4f6944C125603320762237,ethereum,False,False,Coinbase,cex,https://coinbase.com,Cold Wallet,evm,0.0,38864852.0,0.0,2121443.965483021,2025-10-29 08:00:20,chainlink
https://intel.arkm.com/explorer/address/0x21a31Ee1afC51d94C2eFcCAa2092aD1028285549,0x21a31Ee1afC51d94C2eFcCAa2092aD1028285549,ethereum,False,False,Binance,cex,https://binance.com,Hot Wallet,evm,199471611.008873,201962691.22748172,10579156.48317028,10703421.35395647,2025-10-29 08:00:20,chainlink
https://intel.arkm.com/explorer/address/0x000000000004444c5dc75cB358380D2e3dE08A90,0x000000000004444c5dc75cB358380D2e3dE08A90,ethereum,True,False,Uniswap,dex,https://uniswap.org,PoolManager,evm,79849677.67273594,76259204.69689193,4114688.8197596073,3920897.2963449177,2025-10-29 08:00:20,chainlink
https://intel.arkm.com/explorer/address/0xaB101F180a64dFb49c118aA4e0aAa0297DD5Cfd5,0xaB101F180a64dFb49c118aA4e0aAa0297DD5Cfd5,ethereum,False,False,,,,,,24254346.5,0.0,1395078.9210446358,0.0,2025-10-29 08:00:20,chainlink
https://intel.arkm.com/explorer/address/0xEebc7DCc613819686659983eE305f87beb6c1ff8,0xEebc7DCc613819686659983eE305f87beb6c1ff8,ethereum,False,False,,,,,,408869490.185163,408900259.19377285,21466561.13898684,21468371.420591615,2025-10-29 08:00:20,chainlink
https://intel.arkm.com/explorer/address/0x5E8C8A7243651DB1384C0dDfDbE39761E8e7E51a,0x5E8C8A7243651DB1384C0dDfDbE39761E8e7E51a,ethereum,True,False,Aave,lending-decentralized,https://aave.com,Aave Ethereum LINK (aEthLINK),evm,79276258.56179003,90936803.55458659,4196566.635274699,4904054.010853637,2025-10-29 08:00:20,chainlink
https://intel.arkm.com/explorer/address/0x91D40E4818F4D4C57b4578d9ECa6AFc92aC8DEbE,0x91D40E4818F4D4C57b4578d9ECa6AFc92aC8DEbE,ethereum,False,False,OKX,cex,https://okx.com,Hot Wallet,evm,70101692.15938857,73544831.49032152,3741598.2828675853,3927775.34469146,2025-10-29 08:00:20,chainlink
https://intel.arkm.com/explorer/address/0x2B83aaCB0dD973866B563cFb0EF0AEF24B93200b,0x2B83aaCB0dD973866B563cFb0EF0AEF24B93200b,ethereum,False,False,,,,Coinbase Prime Custody,evm,71175967.598895,70563986.421875,3720713.118942173,3657286.232592733,2025-10-29 08:00:20,chainlink
https://intel.arkm.com/explorer/address/0x651641299C7eC0aA44AD7eD9b7E12702fED2022f,0x651641299C7eC0aA44AD7eD9b7E12702fED2022f,ethereum,False,False,Bybit,cex,https://bybit.com,Hot Wallet,evm,69856836.79078077,137916937.04475057,3505198.8534747856,6732282.11154965,2025-10-29 08:00:20,chainlink
https://intel.arkm.com/explorer/address/0xC333E80eF2deC2805F239E3f1e810612D294F771,0xC333E80eF2deC2805F239E3f1e810612D294F771,ethereum,False,False,B2C2 Group,fund,https://www.b2c2.com,,,36191155.427978516,40032713.887563705,1809556.078395862,1975293.8832926168,2025-10-29 08:00:20,chainlink
https://intel.arkm.com/explorer/address/0x345366e5142828A66Ee80163b1f30dbE2eAbd566,0x345366e5142828A66Ee80163b1f30dbE2eAbd566,ethereum,False,False,,,,Coinbase Prime Custody,evm,34448725.63378906,0.0,1672473.4693114525,0.0,2025-10-29 08:00:20,chainlink
https://intel.arkm.com/explorer/address/0xf8191D98ae98d2f7aBDFB63A9b0b812b93C873AA,0xf8191D98ae98d2f7aBDFB63A9b0b812b93C873AA,ethereum,False,False,Wintermute,fund,https://www.wintermute.com/,Hot Wallet,evm,184149883.6641705,175732972.89053345,9641642.350842154,9227858.6889,2025-10-29 08:00:20,chainlink
https://intel.arkm.com/explorer/address/0x88a9B9D0F6cE2a571889FFdBA5c84301f8982f46,0x88a9B9D0F6cE2a571889FFdBA5c84301f8982f46,ethereum,False,False,Coinbase,cex,https://coinbase.com,,,0.0,39179688.0,0.0,2238839.2716693766,2025-10-29 08:00:20,chainlink
https://intel.arkm.com/explorer/address/0xc0fFeE479E4cD49eafBA87449225e17c53251226,0xc0fFeE479E4cD49eafBA87449225e17c53251226,ethereum,False,False,,,,,,207342436.55694506,207396494.0026245,10714419.979326395,10718433.099973414,2025-10-29 08:00:20,chainlink
https://intel.arkm.com/explorer/address/0x72bE417AFB0aBEa66913141C605D313BB389b59C,0x72bE417AFB0aBEa66913141C605D313BB389b59C,ethereum,False,False,Aerodrome Finance,dex,https://aerodrome.finance/,,,216070577.6968748,215878023.1878711,11165063.634959789,11152214.978797346,2025-10-29 08:00:20,chainlink
https://intel.arkm.com/explorer/address/0x1FA00bE39C9b815B039Fa5F3394405eEb9502C9c,0x1FA00bE39C9b815B039Fa5F3394405eEb9502C9c,ethereum,False,False,,,,Coinbase Deposit,evm,36964937.5390625,38190608.9765625,1884876.61626,1945545.99826,2025-10-29 08:00:20,chainlink
https://intel.arkm.com/explorer/address/0x7f604D597c15b2e2F60DC645844f68b1D781b752,0x7f604D597c15b2e2F60DC645844f68b1D781b752,ethereum,False,False,Bitstamp,cex,https://bitstamp.net,Hot Wallet,evm,36005332.01123589,37222503.089805126,1821942.4629036523,1870742.46000914,2025-10-29 08:00:20,chainlink
https://intel.arkm.com/explorer/address/0xC36442b4a4522E871399CD717aBDD847Ab11FE88,0xC36442b4a4522E871399CD717aBDD847Ab11FE88,ethereum,True,False,Uniswap,dex,https://uniswap.org,Nonfungible Position Manager,evm,26467368.89895767,0.0,1407110.8127043447,0.0,2025-10-29 08:00:20,chainlink
https://intel.arkm.com/explorer/address/0xDFd5293D8e347dFe59E90eFd55b2956a1343963d,0xDFd5293D8e347dFe59E90eFd55b2956a1343963d,ethereum,False,False,Binance,cex,https://binance.com,Hot Wallet,evm,252576470.5,243214162.46597004,13544370.17369941,13038499.74157886,2025-10-29 08:00:20,chainlink
https://intel.arkm.com/explorer/address/0x5a52E96BAcdaBb82fd05763E25335261B270Efcb,0x5a52E96BAcdaBb82fd05763E25335261B270Efcb,ethereum,False,False,Binance,cex,https://binance.com,Cold Wallet,evm,0.0,164895026.4375,0.0,9033129.0,2025-10-29 08:00:20,chainlink
https://intel.arkm.com/explorer/address/0xBD8D03ea5137362EA7b7CC5E98758bcB9040faaA,0xBD8D03ea5137362EA7b7CC5E98758bcB9040faaA,ethereum,False,False,Coinbase,cex,https://coinbase.com,,,0.0,37288184.0,0.0,2029841.308380461,2025-10-29 08:00:20,chainlink
https://intel.arkm.com/explorer/address/0x4e19698c366f7DCD1cfAd4D7f621B4D275Bb1a6C,0x4e19698c366f7DCD1cfAd4D7f621B4D275Bb1a6C,ethereum,False,False,Bybit,cex,https://bybit.com,,,57050000.0,0.0,2500000.0,0.0,2025-10-29 08:00:20,chainlink
https://intel.arkm.com/explorer/address/0x5fA0199427243EB13B14409Fb5197e641805c78B,0x5fA0199427243EB13B14409Fb5197e641805c78B,ethereum,True,False,,,,Gnosis Safe Proxy,evm,38931282.3125,34590138.4963665,1892806.32,1707377.67,2025-10-29 08:00:20,chainlink
https://intel.arkm.com/explorer/address/0x9c17f630DBde24eECe8fd248fAA2E51f690FF79B,0x9c17f630DBde24eECe8fd248fAA2E51f690FF79B,ethereum,True,False,Chainlink,oracle,https://chain.link,Non-Circulating Supply,evm,0.0,138982480.0,0.0,6749999.0,2025-10-29 08:00:20,chainlink
https://intel.arkm.com/explorer/address/0xfB682b0dE4e0093835EA21cfABb5449cA9ac9e5e,0xfB682b0dE4e0093835EA21cfABb5449cA9ac9e5e,ethereum,True,False,Chainlink,oracle,https://chain.link,Non-Circulating Supply,evm,0.0,82279976.0,0.0,3999999.0,2025-10-29 08:00:20,chainlink
https://intel.arkm.com/explorer/address/0x191c10Aa4AF7C30e871E70C95dB0E4eb77237530,0x191c10Aa4AF7C30e871E70C95dB0E4eb77237530,ethereum,False,False,Aave,lending-decentralized,https://aave.com,,,38106883.387516156,40520304.06878109,1982769.5870263437,2135699.2016281746,2025-10-29 08:00:20,chainlink
https://intel.arkm.com/explorer/address/0xfBd4cdB413E45a52E2C8312f670e9cE67E794C37,0xfBd4cdB413E45a52E2C8312f670e9cE67E794C37,ethereum,True,False,,,,,,38539360.76081753,39125553.48486042,2059611.8344484766,2055253.3935859888,2025-10-29 08:00:20,chainlink
https://intel.arkm.com/explorer/address/0xBEEf02961503351625926Ea9a11AE13B29F5c555,0xBEEf02961503351625926Ea9a11AE13B29F5c555,ethereum,False,False,,,,,,33051407.57667367,0.0,1739836.766076545,0.0,2025-10-29 08:00:20,chainlink
https://intel.arkm.com/explorer/address/0x8879dA2f0Ffb5cd4BFa68BD59BCEFD4962DD1914,0x8879dA2f0Ffb5cd4BFa68BD59BCEFD4962DD1914,ethereum,False,False,,,,,,25421752.250000168,0.0,1441406.39010001,0.0,2025-10-29 08:00:20,chainlink
https://intel.arkm.com/explorer/address/0xCD531Ae9EFCCE479654c4926dec5F6209531Ca7b,0xCD531Ae9EFCCE479654c4926dec5F6209531Ca7b,ethereum,False,False,Coinbase Prime,cex,https://www.coinbase.com/prime,Hot Wallet,evm,151314094.30734593,152615687.24709362,8206567.732184039,8269054.44628023,2025-10-29 08:00:20,chainlink
https://intel.arkm.com/explorer/address/0xbBF5B578A7eCCE2381D8FC9CAc42D6968712451E,0xbBF5B578A7eCCE2381D8FC9CAc42D6968712451E,ethereum,False,False,,,,,,28391114.5,0.0,1618591.92,0.0,2025-10-29 08:00:20,chainlink
https://intel.arkm.com/explorer/address/0x3db910Fac1dbE434f397c07c2B473983eFcf25DC,0x3db910Fac1dbE434f397c07c2B473983eFcf25DC,ethereum,False,False,,,,,,52929819.04272461,0.0,2809557.2594644795,0.0,2025-10-29 08:00:20,chainlink
https://intel.arkm.com/explorer/address/0x4a87ecE3eFffCb012fbE491AA028032e07B6F6cF,0x4a87ecE3eFffCb012fbE491AA028032e07B6F6cF,ethereum,True,False,Chainlink,oracle,https://chain.link,Non-Circulating Supply,evm,0.0,82339960.0,0.0,3999998.0,2025-10-29 08:00:20,chainlink
https://intel.arkm.com/explorer/address/0x65505213bBA7eAbD3479D256650EE68B3fb10D67,0x65505213bBA7eAbD3479D256650EE68B3fb10D67,ethereum,False,False,Coinbase,cex,https://coinbase.com,,,0.0,38324368.0,0.0,2047241.956813559,2025-10-29 08:00:20,chainlink
https://intel.arkm.com/explorer/address/0xA9D1e08C7793af67e9d92fe308d5697FB81d3E43,0xA9D1e08C7793af67e9d92fe308d5697FB81d3E43,ethereum,True,False,Coinbase,cex,https://coinbase.com,Hot Wallet,evm,790953829.0793076,790273693.5302179,41666706.431678295,41634096.884068996,2025-10-29 08:00:20,chainlink
https://intel.arkm.com/explorer/address/0x51C72848c68a965f66FA7a88855F9f7784502a7F,0x51C72848c68a965f66FA7a88855F9f7784502a7F,ethereum,True,False,Wintermute,fund,https://www.wintermute.com/,Market Maker,evm,168960533.0762849,169867503.71062705,8720118.091287307,8713896.247457111,2025-10-29 08:00:20,chainlink
https://intel.arkm.com/explorer/address/0xEae7380dD4CeF6fbD1144F49E4D1e6964258A4F4,0xEae7380dD4CeF6fbD1144F49E4D1e6964258A4F4,ethereum,False,False,Wintermute,fund,https://www.wintermute.com/,Binance Deposit,evm,101850362.9765625,101995623.0390625,5303452.59946096,5303452.59946096,2025-10-29 08:00:20,chainlink
https://intel.arkm.com/explorer/address/0x04EAb3e8Ab9D6Aaa09953Bf6d4d2f0aa105c6d11,0x04EAb3e8Ab9D6Aaa09953Bf6d4d2f0aa105c6d11,ethereum,False,False,Coinbase,cex,https://coinbase.com,,,0.0,47623328.0,0.0,2223311.271060344,2025-10-29 08:00:20,chainlink
https://intel.arkm.com/explorer/address/0x177a7376860a04eEA6BF7fb3F39Bf10c49D3b42C,0x177a7376860a04eEA6BF7fb3F39Bf10c49D3b42C,ethereum,False,False,Blackhole,dex,https://blackhole.xyz/,,,560056557.4150257,560245970.1127589,29426287.56627666,29436454.419861734,2025-10-29 08:00:20,chainlink
https://intel.arkm.com/explorer/address/0xA69babEF1cA67A37Ffaf7a485DfFF3382056e78C,0xA69babEF1cA67A37Ffaf7a485DfFF3382056e78C,ethereum,True,False,Symbolic Capital Partners,fund,https://symbolic.partners,MEV Bot,evm,125684940.6702106,125959783.25348997,6475838.354898605,6474381.044516197,2025-10-29 08:00:20,chainlink
https://intel.arkm.com/explorer/address/0x4A4aaA0155237881FBD5C34BfaE16e985A7B068D,0x4A4aaA0155237881FBD5C34BfaE16e985A7B068D,ethereum,False,False,OKX,cex,https://okx.com,Hot Wallet,evm,36828943.02004242,37881894.48512006,1987507.0482696963,2034729.13194171,2025-10-29 08:00:20,chainlink
https://intel.arkm.com/explorer/address/0x8553f48B2B0B5F9b2E053413d640b46AefB45460,0x8553f48B2B0B5F9b2E053413d640b46AefB45460,ethereum,False,False,,,,,,28875413.15625,0.0,1432790.1069332857,0.0,2025-10-29 08:00:20,chainlink
https://intel.arkm.com/explorer/address/0x394A2ef2953c9007AD5CBBe52D93E0d1A5e4F7Be,0x394A2ef2953c9007AD5CBBe52D93E0d1A5e4F7Be,ethereum,False,False,Coinbase,cex,https://coinbase.com,,,0.0,35981716.0,0.0,2067914.7499707888,2025-10-29 08:00:20,chainlink
https://intel.arkm.com/explorer/address/0x28C6c06298d514Db089934071355E5743bf21d60,0x28C6c06298d514Db089934071355E5743bf21d60,ethereum,False,False,Binance,cex,https://binance.com,Hot Wallet,evm,1048183662.8029745,1051037870.0167633,53352524.34406388,54245493.97167242,2025-10-29 08:00:20,chainlink
https://intel.arkm.com/explorer/address/0xa6Cc3C2531FdaA6Ae1A3CA84c2855806728693e8,0xa6Cc3C2531FdaA6Ae1A3CA84c2855806728693e8,ethereum,True,False,Uniswap,dex,https://uniswap.org,LINK,evm,210468124.0543794,209596830.79364142,11086881.097269928,11017351.030718405,2025-10-29 08:00:20,chainlink
https://intel.arkm.com/explorer/address/0x79dD9327352BcF1dd16941899705E97b61F4DEcB,0x79dD9327352BcF1dd16941899705E97b61F4DEcB,ethereum,False,False,Kraken,cex,https://kraken.com,Hot Wallet,evm,81172010.62783901,79166655.32372935,4159623.698456804,4088569.57636903,2025-10-29 08:00:20,chainlink
https://intel.arkm.com/explorer/address/0xBEE3211ab312a8D065c4FeF0247448e17A8da000,0xBEE3211ab312a8D065c4FeF0247448e17A8da000,ethereum,True,False,,,,Market Maker,evm,48364187.6801437,48416611.74939245,2486999.5147620933,2487142.1344770314,2025-10-29 08:00:20,chainlink
https://intel.arkm.com/explorer/address/0xFAD57d2039C21811C8F2B5D5B65308aa99D31559,0xFAD57d2039C21811C8F2B5D5B65308aa99D31559,ethereum,True,False,Uniswap,dex,https://uniswap.org,LINK-USDC,evm,33039059.579059247,32158285.20840063,1741071.6992580816,1715122.8536918685,2025-10-29 08:00:20,chainlink
https://intel.arkm.com/explorer/address/0x3121606681321C026595CDAE9b2B058F89767dc2,0x3121606681321C026595CDAE9b2B058F89767dc2,ethereum,False,False,,,,,,29038165.3984375,0.0,1398803.8915932095,0.0,2025-10-29 08:00:20,chainlink
https://intel.arkm.com/explorer/address/0xa42D0A18B834F52e41bEDdEaA2940165db3DA9a3,0xa42D0A18B834F52e41bEDdEaA2940165db3DA9a3,ethereum,True,False,Chainlink,oracle,https://chain.link,Non-Circulating Supply,evm,0.0,83399976.0,0.0,3999999.0,2025-10-29 08:00:20,chainlink
https://intel.arkm.com/explorer/address/0x9B1c1752B6B6eAF62a8c491A8681B32C1F7ecDE9,0x9B1c1752B6B6eAF62a8c491A8681B32C1F7ecDE9,ethereum,False,False,,,,Binance Deposit,evm,387002392.0,386787492.0,18749995.0,18750000.0,2025-10-29 08:00:20,chainlink
https://intel.arkm.com/explorer/address/0xB3d0211Ff3ae56760ce8Ccb5FaD0F9e70dC51281,0xB3d0211Ff3ae56760ce8Ccb5FaD0F9e70dC51281,ethereum,False,False,Coinbase,cex,https://coinbase.com,,,0.0,45863156.0,0.0,2197563.8110512774,2025-10-29 08:00:20,chainlink
https://intel.arkm.com/explorer/address/0xB1dB79aea0a13382DD9E279d96Bc9a468A2F4E87,0xB1dB79aea0a13382DD9E279d96Bc9a468A2F4E87,ethereum,False,False,,,,,,146541300.80664277,146368617.98999453,7727635.650015989,7719008.962570871,2025-10-29 08:00:20,chainlink
https://intel.arkm.com/explorer/address/0x0D0707963952f2fBA59dD06f2b425ace40b492Fe,0x0D0707963952f2fBA59dD06f2b425ace40b492Fe,ethereum,False,False,Gate,cex,https://gate.com,Hot Wallet,evm,30393927.539489746,0.0,1633257.5441394984,0.0,2025-10-29 08:00:20,chainlink
https://intel.arkm.com/explorer/address/0x6d163DB7A24fBAd1C8FbB2CB16423D481da93b16,0x6d163DB7A24fBAd1C8FbB2CB16423D481da93b16,ethereum,False,False,,,,,,28956491.6875,0.0,1393278.6417621558,0.0,2025-10-29 08:00:20,chainlink
https://intel.arkm.com/explorer/address/0x75212C788f3B1319b22FDa519498C0dc81DAd074,0x75212C788f3B1319b22FDa519498C0dc81DAd074,ethereum,False,False,Coinbase,cex,https://coinbase.com,,,0.0,47802752.0,0.0,2218225.093797113,2025-10-29 08:00:20,chainlink
https://intel.arkm.com/explorer/address/0xF977814e90dA44bFA03b6295A0616a897441aceC,0xF977814e90dA44bFA03b6295A0616a897441aceC,ethereum,False,False,Binance,cex,https://binance.com,Cold Wallet,evm,369896321.75,71903208.0,17937646.375,3782388.5700100004,2025-10-29 08:00:20,chainlink
https://intel.arkm.com/explorer/address/0xCD531Ae9EFCCE479654c4926dec5F6209531Ca7b,0xCD531Ae9EFCCE479654c4926dec5F6209531Ca7b,ethereum,False,False,Coinbase Prime,cex,https://www.coinbase.com/prime,Hot Wallet,evm,101650048.64643097,101714727.85217667,422481.49458609626,423343.6206717903,2025-10-29 08:00:21,aave
https://intel.arkm.com/explorer/address/0xBEE3211ab312a8D065c4FeF0247448e17A8da000,0xBEE3211ab312a8D065c4FeF0247448e17A8da000,ethereum,True,False,,,,Market Maker,evm,25738272.895302624,25707431.365625903,105360.5110420281,104966.72737578201,2025-10-29 08:00:21,aave
https://intel.arkm.com/explorer/address/0x80787af194C33b74a811f5e5c549316269d7Ee1A,0x80787af194C33b74a811f5e5c549316269d7Ee1A,ethereum,False,False,HitBTC,cex,https://hitbtc.com,Hot Wallet,evm,15928778.09576416,16034184.464355469,66125.65645504753,66784.03546908847,2025-10-29 08:00:21,aave
https://intel.arkm.com/explorer/address/0x0D0707963952f2fBA59dD06f2b425ace40b492Fe,0x0D0707963952f2fBA59dD06f2b425ace40b492Fe,ethereum,False,False,Gate,cex,https://gate.com,Hot Wallet,evm,0.0,12838730.358864123,0.0,54229.25480580931,2025-10-29 08:00:21,aave
https://intel.arkm.com/explorer/address/0xEae7380dD4CeF6fbD1144F49E4D1e6964258A4F4,0xEae7380dD4CeF6fbD1144F49E4D1e6964258A4F4,ethereum,False,False,Wintermute,fund,https://www.wintermute.com/,Binance Deposit,evm,77275928.71289062,77301487.7109375,325491.52900286,325491.52900286,2025-10-29 08:00:21,aave
https://intel.arkm.com/explorer/address/0x7C876bdaA5c038E19F633714f622F6Def949B102,0x7C876bdaA5c038E19F633714f622F6Def949B102,ethereum,False,False,,,,,,19872834.899414062,19925545.640625,88383.10697120085,88653.33093786899,2025-10-29 08:00:21,aave
https://intel.arkm.com/explorer/address/0x1157A2076b9bB22a85CC2C162f20fAB3898F4101,0x1157A2076b9bB22a85CC2C162f20fAB3898F4101,ethereum,False,False,FalconX,cex,https://falconx.io/,Hot Wallet,evm,16183322.690504074,15004024.896156311,66782.9274736889,64091.369109010004,2025-10-29 08:00:21,aave
https://intel.arkm.com/explorer/address/0x73E4E2726c688A09af7e72107eE92a372EeB3012,0x73E4E2726c688A09af7e72107eE92a372EeB3012,ethereum,False,False,,,,Coinbase Deposit,evm,14218022.467773438,14166036.724609375,56476.04249,56301.04249,2025-10-29 08:00:21,aave
https://intel.arkm.com/explorer/address/0xA69babEF1cA67A37Ffaf7a485DfFF3382056e78C,0xA69babEF1cA67A37Ffaf7a485DfFF3382056e78C,ethereum,True,False,Symbolic Capital Partners,fund,https://symbolic.partners,MEV Bot,evm,33139469.043199778,33236457.980373383,136053.96970308098,135980.8177044733,2025-10-29 08:00:21,aave
https://intel.arkm.com/explorer/address/0x9bA0CF1588E1DFA905eC948F7FE5104dD40EDa31,0x9bA0CF1588E1DFA905eC948F7FE5104dD40EDa31,ethereum,True,False,TrustedVolumes,fund,,Market Maker,evm,31050502.491787665,30990416.12363549,130028.96175308735,129615.83657215543,2025-10-29 08:00:21,aave
https://intel.arkm.com/explorer/address/0xF8daFA064D7BB863121305449577d4e56DC854F2,0xF8daFA064D7BB863121305449577d4e56DC854F2,ethereum,False,False,,,,Coinbase Prime Custody,evm,19925545.640625,0.0,88653.33093786899,0.0,2025-10-29 08:00:21,aave
https://intel.arkm.com/explorer/address/0xF977814e90dA44bFA03b6295A0616a897441aceC,0xF977814e90dA44bFA03b6295A0616a897441aceC,ethereum,False,False,Binance,cex,https://binance.com,Cold Wallet,evm,120963088.0,149058000.0,506461.70300000004,600000.0,2025-10-29 08:00:21,aave
https://intel.arkm.com/explorer/address/0x0e240e9A7B40aD11Fdd69f952bA3Bbd29a238BbD,0x0e240e9A7B40aD11Fdd69f952bA3Bbd29a238BbD,ethereum,False,False,,,,Coinbase Prime Custody,evm,32522820.0,0.0,142500.20004999998,0.0,2025-10-29 08:00:21,aave
https://intel.arkm.com/explorer/address/0xAD85405cbB1476825B78a021fa9E543bF7937549,0xAD85405cbB1476825B78a021fa9E543bF7937549,ethereum,False,False,Bybit,cex,https://bybit.com,Hot Wallet,evm,32607868.170978546,41819402.68867326,132925.72530583563,173390.89736654,2025-10-29 08:00:21,aave
https://intel.arkm.com/explorer/address/0x207e1074858A7e78f17002075739eD2745dbaEce,0x207e1074858A7e78f17002075739eD2745dbaEce,ethereum,True,False,0x,dex,https://0x.org,MainnetSettler,evm,25196016.368193932,25196016.380571306,109182.86046493053,109182.86046493053,2025-10-29 08:00:21,aave
https://intel.arkm.com/explorer/address/0x4da27a545c0c5B758a6BA100e3a049001de870f5,0x4da27a545c0c5B758a6BA100e3a049001de870f5,ethereum,True,False,Aave,lending-decentralized,https://aave.com,Staked Aave (stkAAVE),evm,25402633.075346302,16138238.543851702,105000.0155482883,68032.41668170331,2025-10-29 08:00:21,aave
https://intel.arkm.com/explorer/address/0x28C6c06298d514Db089934071355E5743bf21d60,0x28C6c06298d514Db089934071355E5743bf21d60,ethereum,False,False,Binance,cex,https://binance.com,Hot Wallet,evm,350862522.8808594,333573683.1476394,1428374.8239650473,1368137.05655681,2025-10-29 08:00:21,aave
https://intel.arkm.com/explorer/address/0x73ACC6C8974F63de67594511A6aB21AB5F067295,0x73ACC6C8974F63de67594511A6aB21AB5F067295,ethereum,False,False,,,,,,51023110.0,51390656.0,210023.50389539,210023.51843139,2025-10-29 08:00:21,aave
https://intel.arkm.com/explorer/address/0x4A4aaA0155237881FBD5C34BfaE16e985A7B068D,0x4A4aaA0155237881FBD5C34BfaE16e985A7B068D,ethereum,False,False,OKX,cex,https://okx.com,Hot Wallet,evm,19605938.47253418,19314836.990997314,78274.91003510999,77751.98114548,2025-10-29 08:00:21,aave
https://intel.arkm.com/explorer/address/0x7f0E5dE4D04229A3A74374300fF11a562401cC39,0x7f0E5dE4D04229A3A74374300fF11a562401cC39,ethereum,False,False,Coinbase,cex,https://coinbase.com,Cold Wallet,evm,0.0,12331337.0,0.0,54859.58193031099,2025-10-29 08:00:21,aave
https://intel.arkm.com/explorer/address/0xDFd5293D8e347dFe59E90eFd55b2956a1343963d,0xDFd5293D8e347dFe59E90eFd55b2956a1343963d,ethereum,False,False,Binance,cex,https://binance.com,Hot Wallet,evm,73349545.75,75850599.3394965,301104.79504265,311718.78418683,2025-10-29 08:00:21,aave
https://intel.arkm.com/explorer/address/0xe705b1D26B85c9F9f91A3690079D336295F14F08,0xe705b1D26B85c9F9f91A3690079D336295F14F08,ethereum,True,False,,,,Gnosis Safe Proxy,evm,15078470.0,0.0,63464.2432642916,0.0,2025-10-29 08:00:21,aave
https://intel.arkm.com/explorer/address/0x9008D19f58AAbD9eD0D60971565AA8510560ab41,0x9008D19f58AAbD9eD0D60971565AA8510560ab41,ethereum,True,False,CoW Protocol,dex-aggregator,https://cow.fi,Settlement,evm,137927565.36142746,137928204.6715165,576089.7478999996,576086.7978067612,2025-10-29 08:00:21,aave
https://intel.arkm.com/explorer/address/0x00000000009E50a7dDb7a7B0e2ee6604fd120E49,0x00000000009E50a7dDb7a7B0e2ee6604fd120E49,ethereum,True,False,,,,MEV Bot,evm,12208356.228873253,11669153.616531372,59559.2275416819,57093.42100596323,2025-10-29 08:00:21,aave
https://intel.arkm.com/explorer/address/0xE91B373212f8aE32925CbCf39AB3a7B0763C27C9,0xE91B373212f8aE32925CbCf39AB3a7B0763C27C9,ethereum,False,False,,,,Binance Deposit,evm,13247819.41796875,13245592.671875,54698.49217,54698.49217,2025-10-29 08:00:21,aave
https://intel.arkm.com/explorer/address/0x5236333EF2baa45b450689B69e4e4b277D84F954,0x5236333EF2baa45b450689B69e4e4b277D84F954,ethereum,False,False,,,,joepeng.eth,evm,13159516.713729858,13230982.150390625,53167.4251,53287.43021528,2025-10-29 08:00:21,aave
https://intel.arkm.com/explorer/address/0x51C72848c68a965f66FA7a88855F9f7784502a7F,0x51C72848c68a965f66FA7a88855F9f7784502a7F,ethereum,True,False,Wintermute,fund,https://www.wintermute.com/,Market Maker,evm,70596890.87104833,70603835.2683186,297381.1676401425,296927.22803722275,2025-10-29 08:00:21,aave
https://intel.arkm.com/explorer/address/0xC333E80eF2deC2805F239E3f1e810612D294F771,0xC333E80eF2deC2805F239E3f1e810612D294F771,ethereum,False,False,B2C2 Group,fund,https://www.b2c2.com,,,15187095.583984375,14680889.4609375,58290.61927725905,57712.68322365905,2025-10-29 08:00:21,aave
https://intel.arkm.com/explorer/address/0xf8191D98ae98d2f7aBDFB63A9b0b812b93C873AA,0xf8191D98ae98d2f7aBDFB63A9b0b812b93C873AA,ethereum,False,False,Wintermute,fund,https://www.wintermute.com/,Hot Wallet,evm,58888525.85922241,54164942.78166008,249261.79299286217,228821.88402,2025-10-29 08:00:21,aave
https://intel.arkm.com/explorer/address/0x3E312eDdAaEd13db65178a8036a8b715f645A746,0x3E312eDdAaEd13db65178a8036a8b715f645A746,ethereum,True,False,,,,Gnosis Safe Proxy,evm,56632208.0,0.0,220213.11591524776,0.0,2025-10-29 08:00:21,aave
https://intel.arkm.com/explorer/address/0x8f85D8d9d232883d63c992DFf303C10DDA2e428F,0x8f85D8d9d232883d63c992DFf303C10DDA2e428F,ethereum,False,False,,,,HitBTC Deposit,evm,17421129.245117188,16912679.1953125,72761.15,70888.5,2025-10-29 08:00:21,aave
https://intel.arkm.com/explorer/address/0x59c38b6775Ded821f010DbD30eCabdCF84E04756,0x59c38b6775Ded821f010DbD30eCabdCF84E04756,ethereum,True,False,Uniswap,dex,https://uniswap.org,UNI-AAVE 2,evm,14612136.116475932,14663281.28436782,64621.92547856808,64887.44567144611,2025-10-29 08:00:21,aave
https://intel.arkm.com/explorer/address/0x6E4141d33021b52C91c28608403db4A0FFB50Ec6,0x6E4141d33021b52C91c28608403db4A0FFB50Ec6,ethereum,True,False,Kyber Network,dex,https://kyber.network,Aggregator Executor,evm,0.0,12805803.850507483,0.0,51216.25194978147,2025-10-29 08:00:21,aave
https://intel.arkm.com/explorer/address/0xA249aC7499Bb7A18f47168f936825452d466DcAf,0xA249aC7499Bb7A18f47168f936825452d466DcAf,ethereum,False,False,,,,,,915658496.0,915658496.0,4141564.5,4141564.5,2025-10-29 08:00:21,aave
https://intel.arkm.com/explorer/address/0xf3fB9691c4BFF980C0352339fb297c5bF52Dd354,0xf3fB9691c4BFF980C0352339fb297c5bF52Dd354,ethereum,False,False,,,,,,400661953.379273,400671742.13129276,1707640.8162094804,1707724.136684867,2025-10-29 08:00:21,aave
https://intel.arkm.com/explorer/address/0xA9D1e08C7793af67e9d92fe308d5697FB81d3E43,0xA9D1e08C7793af67e9d92fe308d5697FB81d3E43,ethereum,True,False,Coinbase,cex,https://coinbase.com,Hot Wallet,evm,121491708.9263916,121199647.5292697,514508.13922929787,512897.07231507375,2025-10-29 08:00:21,aave
https://intel.arkm.com/explorer/address/0x33566c9D8BE6Cf0B23795E0d380E112Be9d75836,0x33566c9D8BE6Cf0B23795E0d380E112Be9d75836,ethereum,False,False,Galaxy Digital,fund,https://www.galaxy.com/,OTC,evm,54788056.812683105,51051458.076660156,210399.91985932,210137.51392367,2025-10-29 08:00:21,aave
https://intel.arkm.com/explorer/address/0x7915f9373Ae32d1fcAF0CdF17a532a3D8046D759,0x7915f9373Ae32d1fcAF0CdF17a532a3D8046D759,ethereum,False,False,,,,,,51390656.0,0.0,210023.51843139,0.0,2025-10-29 08:00:21,aave
https://intel.arkm.com/explorer/address/0x073F564419b625A45D8aEa3bb0dE4d5647113AD7,0x073F564419b625A45D8aEa3bb0dE4d5647113AD7,ethereum,False,False,OKX,cex,https://okx.com,Cold Wallet,evm,0.0,14381343.5625,0.0,54794.2,2025-10-29 08:00:21,aave
https://intel.arkm.com/explorer/address/0x21a31Ee1afC51d94C2eFcCAa2092aD1028285549,0x21a31Ee1afC51d94C2eFcCAa2092aD1028285549,ethereum,False,False,Binance,cex,https://binance.com,Hot Wallet,evm,61249706.5,61640838.21185362,250275.76406457002,250786.64359919,2025-10-29 08:00:21,aave
https://intel.arkm.com/explorer/address/0xBA12222222228d8Ba445958a75a0704d566BF2C8,0xBA12222222228d8Ba445958a75a0704d566BF2C8,ethereum,True,False,Balancer,dex,https://balancer.fi,Vault,evm,43803028.04538645,39430915.0110224,193320.8480352452,175943.20193775493,2025-10-29 08:00:21,aave
https://intel.arkm.com/explorer/address/0x8f2E43AaE3b31483B08297D54f3c83ea6AAE830D,0x8f2E43AaE3b31483B08297D54f3c83ea6AAE830D,ethereum,False,False,,,,,,24077817.03618145,24107428.258008003,90057.97761745083,90158.96405402063,2025-10-29 08:00:21,aave
https://intel.arkm.com/explorer/address/0xA3222357a0eCCF60C73606170be6c99ADeCb59b3,0xA3222357a0eCCF60C73606170be6c99ADeCb59b3,ethereum,True,False,HitBTC,cex,https://hitbtc.com,Hot Wallet,evm,19888264.725975037,19859625.441768646,83206.01292964567,83134.89402362,2025-10-29 08:00:21,aave
https://intel.arkm.com/explorer/address/0x4a79B0168296c0eF7b8F314973B82aD406a29f1B,0x4a79B0168296c0eF7b8F314973B82aD406a29f1B,ethereum,False,False,Aerodrome Finance,dex,https://aerodrome.finance/,,,466429019.3721515,466122555.9233484,1975523.0844386811,1974354.5755713629,2025-10-29 08:00:21,aave
https://intel.arkm.com/explorer/address/0x0853C577A04B7d6E93580597A03Fd13A95879Be5,0x0853C577A04B7d6E93580597A03Fd13A95879Be5,ethereum,False,False,Coinbase,cex,https://coinbase.com,Cold Wallet,evm,0.0,13617062.0,0.0,60566.0381165251,2025-10-29 08:00:21,aave
https://intel.arkm.com/explorer/address/0x91bf7e6FFA4608FA2280F81D2B23a8b8FB70b14B,0x91bf7e6FFA4608FA2280F81D2B23a8b8FB70b14B,ethereum,False,False,,,,,,43620479.25928765,43619694.30133346,188275.05805164733,188275.0607974227,2025-10-29 08:00:21,aave
https://intel.arkm.com/explorer/address/0x5141B82f5fFDa4c6fE1E372978F1C5427640a190,0x5141B82f5fFDa4c6fE1E372978F1C5427640a190,ethereum,True,False,1inch,dex-aggregator,https://1inch.io,,,15618506.468704324,15600461.208655572,70234.10529070835,70166.44907084494,2025-10-29 08:00:21,aave
https://intel.arkm.com/explorer/address/0x7D94077f58593F8b97c5cAB56c8924E13b49946E,0x7D94077f58593F8b97c5cAB56c8924E13b49946E,ethereum,False,False,Kraken,cex,https://kraken.com,Hot Wallet,evm,15662072.233100891,20156850.13714987,62364.30518108781,78862.87009097,2025-10-29 08:00:21,aave
https://intel.arkm.com/explorer/address/0x5aB53EE1d50eeF2C1DD3d5402789cd27bB52c1bB,0x5aB53EE1d50eeF2C1DD3d5402789cd27bB52c1bB,ethereum,True,False,Uniswap,dex,https://uniswap.org,AAVE,evm,76476662.63482392,76115470.66328439,321107.08919271943,319463.04647984146,2025-10-29 08:00:21,aave
https://intel.arkm.com/explorer/address/0xeBb4EE6Fe7a3cB6C207E62d46a6519E1878C5855,0xeBb4EE6Fe7a3cB6C207E62d46a6519E1878C5855,ethereum,True,False,,,,Gnosis Safe Proxy,evm,28041546.5,27649854.817352295,121356.38566828083,120187.49996491149,2025-10-29 08:00:21,aave
https://intel.arkm.com/explorer/address/0x8457cF5BC3B68f2B1f11e5cc9e4293025A72164D,0x8457cF5BC3B68f2B1f11e5cc9e4293025A72164D,ethereum,False,False,,,,,,31231628.705075383,31231627.75,115874.03348924275,115874.03017611489,2025-10-29 08:00:21,aave
https://intel.arkm.com/explorer/address/0xA700b4eB416Be35b2911fd5Dee80678ff64fF6C9,0xA700b4eB416Be35b2911fd5Dee80678ff64fF6C9,ethereum,True,False,Aave,lending-decentralized,https://aave.com,Aave Ethereum AAVE (aEthAAVE),evm,36829086.07534833,158274345.29084826,153582.62493651235,661182.3926760604,2025-10-29 08:00:21,aave
https://intel.arkm.com/explorer/address/0x91D40E4818F4D4C57b4578d9ECa6AFc92aC8DEbE,0x91D40E4818F4D4C57b4578d9ECa6AFc92aC8DEbE,ethereum,False,False,OKX,cex,https://okx.com,Hot Wallet,evm,33778486.40810394,34988930.76180768,136323.8367781004,140656.59516494,2025-10-29 08:00:21,aave
https://intel.arkm.com/explorer/address/0xfBd4cdB413E45a52E2C8312f670e9cE67E794C37,0xfBd4cdB413E45a52E2C8312f670e9cE67E794C37,ethereum,True,False,,,,,,13684492.045285225,14146813.949240685,58987.675068779376,58793.091838213724,2025-10-29 08:00:21,aave
https://intel.arkm.com/explorer/address/0xe401A6A38024d8f5aB88f1B08cad476cCaCA45E8,0xe401A6A38024d8f5aB88f1B08cad476cCaCA45E8,ethereum,False,False,Wintermute,fund,https://www.wintermute.com/,Bybit Deposit,evm,14133359.462890625,13761077.42578125,58941.95645922,57461.95645922,2025-10-29 08:00:21,aave
